eid,salary,date
1,169842,12/8/17
1,200266,1/1/18
1,206273,6/1/18
1,224837,1/1/19
1,247320,6/1/19
1,267105,1/1/20
2,100776,11/19/18
2,139884,1/1/19
2,141282,6/1/19
2,155410,1/1/20
3,91238,11/10/19
3,134295,1/1/20
4,148701,12/30/17
4,177088,1/1/18
4,187713,6/1/18
4,206484,1/1/19
4,220937,6/1/19
4,223146,1/1/20
5,61920,2/20/20
6,93312,10/3/19
6,124856,1/1/20
7,203811,11/29/17
7,227054,1/1/18
7,245218,6/1/18
7,259931,1/1/19
7,283324,6/1/19
7,311656,1/1/20
8,69984,7/2/17
8,74959,1/1/18
8,81705,6/1/18
8,85790,1/1/19
8,88363,6/1/19
8,94548,1/1/20
9,159451,11/6/19
9,257681,1/1/20
10,89164,11/14/19
10,131465,1/1/20
11,224450,3/10/17
11,238028,6/1/17
11,247549,1/1/18
11,259926,6/1/18
11,265124,1/1/19
11,270426,6/1/19
11,286651,1/1/20
12,180591,1/13/18
12,238721,6/1/18
12,241108,1/1/19
12,245930,6/1/19
12,258226,1/1/20
13,109486,6/14/18
13,156375,1/1/19
13,165757,6/1/19
13,167414,1/1/20
14,44000,1/15/20
15,188331,4/25/17
15,221665,6/1/17
15,234964,1/1/18
15,249061,6/1/18
15,271476,1/1/19
15,274190,6/1/19
15,279673,1/1/20
16,47400,2/19/20
17,69120,2/23/18
17,87244,6/1/18
17,93351,1/1/19
17,98952,6/1/19
17,103899,1/1/20
18,83980,4/17/19
18,116700,6/1/19
18,124869,1/1/20
19,189191,1/8/19
19,260584,6/1/19
19,276219,1/1/20
20,74649,11/29/17
20,85421,1/1/18
20,88837,6/1/18
20,91502,1/1/19
20,99737,6/1/19
20,108713,1/1/20
21,56880,1/1/20
22,61920,5/5/19
22,88486,6/1/19
22,91140,1/1/20
23,65664,8/17/19
23,95901,1/1/20
24,81907,3/9/17
24,91064,6/1/17
24,92885,1/1/18
24,97529,6/1/18
24,98504,1/1/19
24,105399,6/1/19
24,113830,1/1/20
25,70848,5/27/17
25,79597,6/1/17
25,81188,1/1/18
25,89306,6/1/18
25,92878,1/1/19
25,94735,6/1/19
25,102313,1/1/20
26,52800,12/30/17
26,62235,1/1/18
26,64102,6/1/18
26,66025,1/1/19
26,71967,6/1/19
26,73406,1/1/20
27,80870,11/7/19
27,102109,1/1/20
28,65664,9/19/17
28,75248,1/1/18
28,82020,6/1/18
28,90222,1/1/19
28,91124,6/1/19
28,92035,1/1/20
29,48600,5/12/18
29,56776,6/1/18
29,60182,1/1/19
29,61385,6/1/19
29,67523,1/1/20
30,41000,4/26/17
30,47355,6/1/17
30,51616,1/1/18
30,52648,6/1/18
30,54753,1/1/19
30,58585,6/1/19
30,61514,1/1/20
31,145118,8/5/17
31,167746,1/1/18
31,174455,6/1/18
31,176199,1/1/19
31,190294,6/1/19
31,194099,1/1/20
32,125411,10/3/19
32,202888,1/1/20
33,98288,7/30/19
33,132994,1/1/20
34,42000,8/18/19
34,69270,1/1/20
35,35500,10/4/19
35,57965,1/1/20
36,103265,2/8/17
36,113807,6/1/17
36,120635,1/1/18
36,130285,6/1/18
36,143313,1/1/19
36,157644,6/1/19
36,159220,1/1/20
37,191341,9/10/19
37,300620,1/1/20
38,46800,2/19/19
38,70844,6/1/19
38,75094,1/1/20
39,37000,5/30/17
39,43549,6/1/17
39,45726,1/1/18
39,46183,6/1/18
39,48953,1/1/19
39,53358,6/1/19
39,58160,1/1/20
40,131383,7/29/18
40,175453,1/1/19
40,177207,6/1/19
40,194927,1/1/20
41,150493,10/21/19
41,234397,1/1/20
42,85017,1/2/20
43,56880,11/14/17
43,67104,1/1/18
43,73143,6/1/18
43,78994,1/1/19
43,83733,6/1/19
43,91268,1/1/20
44,163392,10/23/18
44,196661,1/1/19
44,214360,6/1/19
44,220790,1/1/20
45,180592,1/3/20
46,35000,12/8/18
46,45433,1/1/19
46,49521,6/1/19
46,53482,1/1/20
47,89579,2/26/19
47,126622,6/1/19
47,134219,1/1/20
48,52800,3/5/19
48,67406,6/1/19
48,71450,1/1/20
49,105753,11/13/17
49,133171,1/1/18
49,137166,6/1/18
49,146767,1/1/19
49,151170,6/1/19
49,155705,1/1/20
50,89164,3/1/17
50,102074,6/1/17
50,106156,1/1/18
50,110402,6/1/18
50,118130,1/1/19
50,125217,6/1/19
50,130225,1/1/20
51,155868,3/26/19
51,216498,6/1/19
51,231652,1/1/20
52,71712,12/29/18
52,98514,1/1/19
52,99499,6/1/19
52,109448,1/1/20
53,65664,1/23/17
53,75867,6/1/17
53,82695,1/1/18
53,86002,6/1/18
53,87722,1/1/19
53,88599,6/1/19
53,95686,1/1/20
54,50400,6/26/17
54,63472,1/1/18
54,64106,6/1/18
54,64747,1/1/19
54,69926,6/1/19
54,72023,1/1/20
55,62208,12/28/17
55,80538,1/1/18
55,86175,6/1/18
55,89622,1/1/19
55,94103,6/1/19
55,96926,1/1/20
56,219290,7/10/17
56,246601,1/1/18
56,271261,6/1/18
56,292961,1/1/19
56,304679,6/1/19
56,332100,1/1/20
57,69984,5/16/19
57,100937,6/1/19
57,111030,1/1/20
58,78796,12/14/17
58,88527,1/1/18
58,92953,6/1/18
58,102248,1/1/19
58,109405,6/1/19
58,115969,1/1/20
59,87091,11/4/18
59,108964,1/1/19
59,118770,6/1/19
59,123520,1/1/20
60,55440,10/27/18
60,69871,1/1/19
60,75460,6/1/19
60,83006,1/1/20
61,41000,9/30/19
61,52355,1/1/20
62,117946,3/20/18
62,143205,6/1/18
62,146069,1/1/19
62,148990,6/1/19
62,160909,1/1/20
63,211550,7/14/19
63,338372,1/1/20
64,154076,6/26/19
64,222524,1/1/20
65,56160,6/30/19
65,85146,1/1/20
66,165542,1/28/20
67,62208,3/20/18
67,74878,6/1/18
67,81617,1/1/19
67,83249,6/1/19
67,89076,1/1/20
68,113467,3/30/19
68,166983,6/1/19
68,171992,1/1/20
69,45000,3/31/18
69,61205,6/1/18
69,61817,1/1/19
69,64907,6/1/19
69,69450,1/1/20
70,154792,2/19/17
70,177205,6/1/17
70,187837,1/1/18
70,197228,6/1/18
70,199200,1/1/19
70,209160,6/1/19
70,225892,1/1/20
71,39000,6/10/17
71,44667,1/1/18
71,46900,6/1/18
71,49714,1/1/19
71,53691,6/1/19
71,55838,1/1/20
72,51600,3/11/18
72,58558,6/1/18
72,63828,1/1/19
72,70210,6/1/19
72,75826,1/1/20
73,154076,2/9/18
73,201800,6/1/18
73,207854,1/1/19
73,209932,6/1/19
73,224627,1/1/20
74,108241,1/15/19
74,136755,6/1/19
74,150430,1/1/20
75,110730,9/2/19
75,170993,1/1/20
76,107495,3/12/17
76,124155,6/1/17
76,134087,1/1/18
76,146154,6/1/18
76,150538,1/1/19
76,152043,6/1/19
76,158124,1/1/20
77,102021,2/18/18
77,109336,6/1/18
77,110429,1/1/19
77,111533,6/1/19
77,113763,1/1/20
78,59760,4/1/20
79,119439,10/20/18
79,149164,1/1/19
79,162588,6/1/19
79,164213,1/1/20
80,126904,6/1/19
80,192459,1/1/20
81,40500,10/7/17
81,43792,1/1/18
81,46419,6/1/18
81,50596,1/1/19
81,55149,6/1/19
81,60663,1/1/20
82,43200,4/12/19
82,60072,6/1/19
82,61273,1/1/20
83,42000,5/3/19
83,57296,6/1/19
83,57868,1/1/20
84,224450,4/23/18
84,291198,6/1/18
84,294109,1/1/19
84,311755,6/1/19
84,333577,1/1/20
85,161243,7/11/19
85,251125,1/1/20
86,211550,1/30/18
86,279791,6/1/18
86,302174,1/1/19
86,320304,6/1/19
86,326710,1/1/20
87,41500,3/1/19
87,54927,6/1/19
87,60419,1/1/20
88,152642,3/8/20
89,131383,5/21/17
89,150301,6/1/17
89,160822,1/1/18
89,173687,6/1/18
89,191055,1/1/19
89,204428,6/1/19
89,206472,1/1/20
90,87091,4/11/17
90,95939,6/1/17
90,96898,1/1/18
90,104649,6/1/18
90,107788,1/1/19
90,108865,6/1/19
90,118662,1/1/20
91,86054,1/17/20
92,60479,2/12/19
92,84055,6/1/19
92,87417,1/1/20
93,81907,5/15/17
93,91997,6/1/17
93,99356,1/1/18
93,108298,6/1/18
93,113712,1/1/19
93,114849,6/1/19
93,126333,1/1/20
94,72576,8/18/18
94,91519,1/1/19
94,100670,6/1/19
94,105703,1/1/20
95,193491,2/26/19
95,270906,6/1/19
95,295287,1/1/20
96,88128,7/21/18
96,109161,1/1/19
96,111344,6/1/19
96,121364,1/1/20
97,100776,4/14/17
97,111014,6/1/17
97,113234,1/1/18
97,118895,6/1/18
97,124839,1/1/19
97,127335,6/1/19
97,140068,1/1/20
98,36000,9/15/18
98,45916,1/1/19
98,49130,6/1/19
98,50112,1/1/20
99,174141,1/20/20
100,127202,4/2/19
100,181862,6/1/19
100,194592,1/1/20
101,131383,1/4/20
102,52200,7/14/18
102,69090,1/1/19
102,72544,6/1/19
102,79798,1/1/20
103,42000,3/3/17
103,49442,6/1/17
103,52902,1/1/18
103,53431,6/1/18
103,53965,1/1/19
103,57742,6/1/19
103,59474,1/1/20
104,44000,10/13/19
104,61159,1/1/20
105,35000,11/13/17
105,43254,1/1/18
105,47579,6/1/18
105,49957,1/1/19
105,53953,6/1/19
105,57729,1/1/20
106,127202,7/2/18
106,163651,1/1/19
106,178379,6/1/19
106,189081,1/1/20
107,150493,12/30/19
107,211148,1/1/20
108,77760,12/30/17
108,84937,1/1/18
108,91731,6/1/18
108,100904,1/1/19
108,102922,6/1/19
108,110126,1/1/20
109,42000,7/30/17
109,48147,1/1/18
109,50072,6/1/18
109,54578,1/1/19
109,57852,6/1/19
109,63637,1/1/20
110,74649,4/29/18
110,96699,6/1/18
110,102500,1/1/19
110,106600,6/1/19
110,107666,1/1/20
111,75168,8/13/19
111,102518,1/1/20
112,104509,10/2/19
112,161322,1/1/20
113,128397,10/19/18
113,163251,1/1/19
113,164883,6/1/19
113,173127,1/1/20
114,211550,4/26/17
114,242013,6/1/17
114,256533,1/1/18
114,277055,6/1/18
114,299219,1/1/19
114,329140,6/1/19
114,332431,1/1/20
115,94556,3/21/20
116,77760,12/3/17
116,93469,1/1/18
116,101881,6/1/18
116,105956,1/1/19
116,111253,6/1/19
116,112365,1/1/20
117,90201,11/11/19
117,122019,1/1/20
118,156942,7/26/19
118,228864,1/1/20
119,51000,9/10/17
119,59551,1/1/18
119,63719,6/1/18
119,64356,1/1/19
119,69504,6/1/19
119,70199,1/1/20
120,60479,7/13/18
120,82365,1/1/19
120,84835,6/1/19
120,91621,1/1/20
121,38000,5/17/17
121,40698,6/1/17
121,41104,1/1/18
121,41926,6/1/18
121,42345,1/1/19
121,44885,6/1/19
121,47578,1/1/20
122,119439,1/26/19
122,164437,6/1/19
122,180880,1/1/20
123,68256,7/20/17
123,85959,1/1/18
123,87678,6/1/18
123,91185,1/1/19
123,95744,6/1/19
123,104360,1/1/20
124,129890,6/28/18
124,159401,1/1/19
124,162589,6/1/19
124,164214,1/1/20
125,69984,3/16/19
125,85808,6/1/19
125,89240,1/1/20
126,114960,10/26/18
126,150792,1/1/19
126,161347,6/1/19
126,169414,1/1/20
127,76723,10/11/18
127,92202,1/1/19
127,93124,6/1/19
127,99642,1/1/20
128,44000,1/30/20
129,74649,2/2/17
129,79186,6/1/17
129,83145,1/1/18
129,87302,6/1/18
129,90794,1/1/19
129,98057,6/1/19
129,105901,1/1/20
130,72576,1/14/20
131,176291,6/17/19
131,259656,1/1/20
132,178441,11/3/19
132,225661,1/1/20
133,53280,1/29/19
133,76137,6/1/19
133,78421,1/1/20
134,62208,5/17/19
134,86326,6/1/19
134,88052,1/1/20
135,93312,5/26/18
135,113264,6/1/18
135,120059,1/1/19
135,121259,6/1/19
135,129747,1/1/20
136,123918,2/19/18
136,147474,6/1/18
136,157797,1/1/19
136,168842,6/1/19
136,185726,1/1/20
137,110481,9/3/17
137,137871,1/1/18
137,140628,6/1/18
137,142034,1/1/19
137,147715,6/1/19
137,152146,1/1/20
138,45000,2/8/17
138,48654,6/1/17
138,50600,1/1/18
138,52118,6/1/18
138,53681,1/1/19
138,57438,6/1/19
138,59735,1/1/20
139,125411,8/26/18
139,168998,1/1/19
139,182517,6/1/19
139,186167,1/1/20
140,180591,5/23/18
140,219135,6/1/18
140,238857,1/1/19
140,260354,6/1/19
140,281182,1/1/20
141,54720,4/16/17
141,63803,6/1/17
141,70183,1/1/18
141,70884,6/1/18
141,71592,1/1/19
141,73739,6/1/19
141,75213,1/1/20
142,187041,8/23/18
142,238115,1/1/19
142,242877,6/1/19
142,252592,1/1/20
143,52800,3/5/20
144,184891,9/25/19
144,247476,1/1/20
145,104509,4/25/19
145,152426,6/1/19
145,163095,1/1/20
146,161243,5/20/19
146,228298,6/1/19
146,251127,1/1/20
147,100776,1/17/17
147,113140,6/1/17
147,121059,1/1/18
147,130743,6/1/18
147,143817,1/1/19
147,158198,6/1/19
147,162943,1/1/20
148,143327,9/19/19
148,219264,1/1/20
149,90201,1/28/17
149,100285,6/1/17
149,101287,1/1/18
149,106351,6/1/18
149,108478,1/1/19
149,110647,6/1/19
149,113966,1/1/20
150,58320,11/29/19
150,81903,1/1/20
151,45000,8/15/19
151,66790,1/1/20
152,91238,7/8/17
152,113768,1/1/18
152,114905,6/1/18
152,117203,1/1/19
152,126579,6/1/19
152,127844,1/1/20
153,232190,11/19/18
153,296043,1/1/19
153,299003,6/1/19
153,310963,1/1/20
154,183172,9/21/17
154,217908,1/1/18
154,220087,6/1/18
154,237693,1/1/19
154,251954,6/1/19
154,269590,1/1/20
155,229610,3/30/19
155,324867,6/1/19
155,334613,1/1/20
156,62208,11/25/17
156,71261,1/1/18
156,74111,6/1/18
156,80780,1/1/19
156,85626,6/1/19
156,86482,1/1/20
157,39500,3/13/20
158,108988,8/14/17
158,128535,1/1/18
158,131105,6/1/18
158,137660,1/1/19
158,141789,6/1/19
158,153132,1/1/20
159,129890,1/19/19
159,180268,6/1/19
159,191084,1/1/20
160,74649,4/14/18
160,104359,6/1/18
160,110620,1/1/19
160,121682,6/1/19
160,130199,1/1/20
161,180592,1/29/18
161,221401,6/1/18
161,232471,1/1/19
161,255718,6/1/19
161,265946,1/1/20
162,54000,5/11/18
162,67456,6/1/18
162,73527,1/1/19
162,78673,6/1/19
162,86540,1/1/20
163,54720,1/9/19
163,66580,6/1/19
163,73238,1/1/20
164,159451,2/16/19
164,241186,6/1/19
164,255657,1/1/20
165,114960,7/27/18
165,139799,1/1/19
165,149584,6/1/19
165,155567,1/1/20
166,68256,8/13/18
166,92145,1/1/19
166,99516,6/1/19
166,104491,1/1/20
167,128397,6/24/18
167,176481,1/1/19
167,185305,6/1/19
167,203835,1/1/20
168,71712,1/26/18
168,74622,6/1/18
168,76114,1/1/19
168,82964,6/1/19
168,83793,1/1/20
169,126904,7/8/18
169,158416,1/1/19
169,171089,6/1/19
169,181354,1/1/20
170,42000,3/16/20
171,72576,5/30/19
171,96083,6/1/19
171,98965,1/1/20
172,163392,11/25/17
172,198185,1/1/18
172,218003,6/1/18
172,231083,1/1/19
172,251880,6/1/19
172,266992,1/1/20
173,36500,12/15/18
173,49729,1/1/19
173,53210,6/1/19
173,57998,1/1/20
174,51600,8/19/19
174,76680,1/1/20
175,156942,12/25/17
175,183342,1/1/18
175,185175,6/1/18
175,198137,1/1/19
175,200118,6/1/19
175,220129,1/1/20
176,55440,1/28/18
176,67916,6/1/18
176,74028,1/1/19
176,79209,6/1/19
176,81585,1/1/20
177,141535,10/7/19
177,214304,1/1/20
178,109486,6/28/17
178,127811,1/1/18
178,129089,6/1/18
178,130379,1/1/19
178,142113,6/1/19
178,146376,1/1/20
179,38000,3/20/17
179,42636,6/1/17
179,43915,1/1/18
179,48306,6/1/18
179,51687,1/1/19
179,53237,6/1/19
179,58560,1/1/20
180,211550,3/16/20
181,161243,5/18/19
181,203580,6/1/19
181,211723,1/1/20
182,125411,4/14/18
182,149355,6/1/18
182,150848,1/1/19
182,162915,6/1/19
182,164544,1/1/20
183,56880,7/29/18
183,65930,1/1/19
183,71863,6/1/19
183,78330,1/1/20
184,187041,7/18/17
184,208254,1/1/18
184,226996,6/1/18
184,245155,1/1/19
184,247606,6/1/19
184,269890,1/1/20
185,42000,8/19/17
185,52875,1/1/18
185,53403,6/1/18
185,58209,1/1/19
185,60537,6/1/19
185,61142,1/1/20
186,41000,2/8/19
186,58556,6/1/19
186,59141,1/1/20
187,53280,3/17/17
187,59299,6/1/17
187,65228,1/1/18
187,68489,6/1/18
187,71228,1/1/19
187,74789,6/1/19
187,82267,1/1/20
188,117946,6/13/17
188,149927,1/1/18
188,155924,6/1/18
188,160601,1/1/19
188,173449,6/1/19
188,175183,1/1/20
189,221870,2/18/19
189,332615,6/1/19
189,362550,1/1/20
190,58320,2/12/18
190,71490,6/1/18
190,74349,1/1/19
190,78809,6/1/19
190,80385,1/1/20
191,131383,1/7/18
191,167266,6/1/18
191,183992,1/1/19
191,191351,6/1/19
191,199005,1/1/20
192,60480,1/22/19
192,74165,6/1/19
192,80098,1/1/20
193,219290,1/19/19
193,296074,6/1/19
193,310877,1/1/20
194,152285,4/15/17
194,184264,6/1/17
194,186106,1/1/18
194,204716,6/1/18
194,221093,1/1/19
194,236569,6/1/19
194,253128,1/1/20
195,40500,12/22/19
195,59590,1/1/20
196,193491,12/13/19
196,325153,1/1/20
197,113467,3/24/18
197,145885,6/1/18
197,160473,1/1/19
197,171706,6/1/19
197,188876,1/1/20
198,40500,10/25/19
198,53157,1/1/20
199,47400,4/9/19
199,67043,6/1/19
199,71065,1/1/20
200,116453,6/8/18
200,174168,1/1/19
200,189843,6/1/19
200,208827,1/1/20
201,58320,6/18/19
201,78039,1/1/20
202,49200,12/31/19
202,77291,1/1/20
203,111974,7/27/19
203,158838,1/1/20
204,214130,2/7/20
205,50400,3/13/17
205,56085,6/1/17
205,57767,1/1/18
205,58344,6/1/18
205,62428,1/1/19
205,68670,6/1/19
205,74163,1/1/20
206,77760,6/30/18
206,109953,1/1/19
206,115450,6/1/19
206,126995,1/1/20
207,79833,4/1/19
207,111971,6/1/19
207,116449,1/1/20
208,145118,8/26/18
208,186517,1/1/19
208,197708,6/1/19
208,211547,1/1/20
209,78796,12/2/19
209,96733,1/1/20
210,61920,1/2/17
210,66947,6/1/17
210,72302,1/1/18
210,73748,6/1/18
210,77435,1/1/19
210,85178,6/1/19
210,91992,1/1/20
211,107495,11/6/18
211,151921,1/1/19
211,154959,6/1/19
211,156508,1/1/20
212,64800,2/18/19
212,80215,6/1/19
212,87434,1/1/20
213,159451,5/13/18
213,222955,6/1/18
213,238561,1/1/19
213,257645,6/1/19
213,283409,1/1/20
214,85017,3/22/20
215,159092,1/21/17
215,165502,6/1/17
215,177087,1/1/18
215,178857,6/1/18
215,186011,1/1/19
215,197171,6/1/19
215,214916,1/1/20
216,180591,1/29/19
216,257528,6/1/19
216,283280,1/1/20
217,93312,1/3/17
217,107775,6/1/17
217,117474,1/1/18
217,128046,6/1/18
217,140850,1/1/19
217,152118,6/1/19
217,158202,1/1/20
218,86054,1/11/18
218,112669,6/1/18
218,119429,1/1/19
218,131371,6/1/19
218,132684,1/1/20
219,128397,12/4/19
219,181958,1/1/20
220,163392,5/17/19
220,238057,6/1/19
220,257101,1/1/20
221,48000,5/15/17
221,53328,6/1/17
221,55994,1/1/18
221,58793,6/1/18
221,61144,1/1/19
221,67258,6/1/19
221,69948,1/1/20
222,93312,1/5/20
223,35500,8/25/18
223,49705,1/1/19
223,50699,6/1/19
223,53233,1/1/20
224,214130,5/29/17
224,238326,6/1/17
224,243092,1/1/18
224,264970,6/1/18
224,280868,1/1/19
224,306146,6/1/19
224,327576,1/1/20
225,44000,12/9/17
225,48542,1/1/18
225,51939,6/1/18
225,52977,1/1/19
225,55625,6/1/19
225,59518,1/1/20
226,120932,8/28/18
226,152584,1/1/19
226,161739,6/1/19
226,163356,1/1/20
227,44500,6/28/18
227,62889,1/1/19
227,64146,6/1/19
227,69277,1/1/20
228,42000,5/28/19
228,55100,6/1/19
228,60059,1/1/20
229,53280,2/19/20
230,180592,6/26/19
230,253257,1/1/20
231,165542,3/6/20
232,219290,6/2/19
232,302001,1/1/20
233,79833,7/15/18
233,99927,1/1/19
233,106921,6/1/19
233,107990,1/1/20
234,52200,4/30/19
234,69882,6/1/19
234,70580,1/1/20
235,180592,5/1/18
235,205038,6/1/18
235,207088,1/1/19
235,223655,6/1/19
235,239310,1/1/20
236,60479,12/24/18
236,80003,1/1/19
236,82403,6/1/19
236,89819,1/1/20
237,58320,11/8/17
237,70763,1/1/18
237,76424,6/1/18
237,84066,1/1/19
237,90791,6/1/19
237,93514,1/1/20
238,63360,1/2/19
238,82277,6/1/19
238,88036,1/1/20
239,41000,4/5/19
239,53194,6/1/19
239,54789,1/1/20
240,87091,10/23/19
240,119917,1/1/20
241,221870,6/17/18
241,328788,1/1/19
241,338651,6/1/19
241,348810,1/1/20
242,64800,5/2/17
242,70761,6/1/17
242,76421,1/1/18
242,81006,6/1/18
242,84246,1/1/19
242,87615,6/1/19
242,92871,1/1/20
243,134369,5/7/17
243,153825,6/1/17
243,166131,1/1/18
243,169453,6/1/18
243,181314,1/1/19
243,184940,6/1/19
243,190488,1/1/20
244,43200,10/4/17
244,50961,1/1/18
244,55037,6/1/18
244,57238,1/1/19
244,57810,6/1/19
244,60122,1/1/20
245,73612,2/2/17
245,85051,6/1/17
245,89303,1/1/18
245,96447,6/1/18
245,102233,1/1/19
245,111433,6/1/19
245,112547,1/1/20
246,46800,5/8/18
246,61880,6/1/18
246,63736,1/1/19
246,68834,6/1/19
246,74340,1/1/20
247,65664,9/5/17
247,76730,1/1/18
247,80566,6/1/18
247,87816,1/1/19
247,90450,6/1/19
247,92259,1/1/20
248,232190,1/11/17
248,258287,6/1/17
248,273784,1/1/18
248,290211,6/1/18
248,301819,1/1/19
248,313891,6/1/19
248,342141,1/1/20
249,54720,5/1/19
249,74543,6/1/19
249,77524,1/1/20
250,43000,4/9/18
250,50201,6/1/18
250,51205,1/1/19
250,52229,6/1/19
250,56407,1/1/20
251,56880,1/17/18
251,71776,6/1/18
251,73211,1/1/19
251,73943,6/1/19
251,76161,1/1/20
252,178441,5/2/18
252,237957,6/1/18
252,252234,1/1/19
252,272412,6/1/19
252,294204,1/1/20
253,167692,7/24/19
253,246538,1/1/20
254,38000,12/23/17
254,42716,1/1/18
254,46987,6/1/18
254,51685,1/1/19
254,53235,6/1/19
254,55896,1/1/20
255,92067,12/22/18
255,110843,1/1/19
255,118602,6/1/19
255,129276,1/1/20
256,128994,12/12/17
256,149147,1/1/18
256,161078,6/1/18
256,162688,1/1/19
256,175703,6/1/19
256,184488,1/1/20
257,127202,2/13/19
257,197643,6/1/19
257,203572,1/1/20
258,224450,4/5/19
258,278126,6/1/19
258,292032,1/1/20
259,52560,7/24/18
259,59717,1/1/19
259,63897,6/1/19
259,67730,1/1/20
260,132577,3/3/18
260,162651,6/1/18
260,165904,1/1/19
260,170881,6/1/19
260,184551,1/1/20
261,100776,8/26/17
261,129287,1/1/18
261,135751,6/1/18
261,137108,1/1/19
261,146705,6/1/19
261,159908,1/1/20
262,88128,4/9/18
262,120994,6/1/18
262,130673,1/1/19
262,134593,6/1/19
262,148052,1/1/20
263,128397,1/3/19
263,156197,6/1/19
263,164006,1/1/20
264,156942,5/1/19
264,207769,6/1/19
264,226468,1/1/20
265,229610,10/21/18
265,312255,1/1/19
265,327867,6/1/19
265,357375,1/1/20
266,152285,3/4/17
266,169188,6/1/17
266,181031,1/1/18
266,184651,6/1/18
266,192037,1/1/19
266,207399,6/1/19
266,226064,1/1/20
267,42600,2/25/17
267,46468,6/1/17
267,46932,1/1/18
267,49278,6/1/18
267,52727,1/1/19
267,53781,6/1/19
267,58621,1/1/20
268,114960,11/24/18
268,160901,1/1/19
268,167337,6/1/19
268,169010,1/1/20
269,56880,3/6/20
270,37000,10/15/18
270,50364,1/1/19
270,54896,6/1/19
270,60385,1/1/20
271,111974,7/20/17
271,135684,1/1/18
271,149252,6/1/18
271,152237,1/1/19
271,164415,6/1/19
271,179212,1/1/20
272,163392,12/9/17
272,202014,1/1/18
272,222215,6/1/18
272,233325,1/1/19
272,242658,6/1/19
272,257217,1/1/20
273,167692,9/15/17
273,217146,1/1/18
273,236689,6/1/18
273,243789,1/1/19
273,265730,6/1/19
273,284331,1/1/20
274,136160,3/12/19
274,189211,6/1/19
274,204347,1/1/20
275,55440,3/25/17
275,60539,6/1/17
275,62960,1/1/18
275,63589,6/1/18
275,64224,1/1/19
275,68719,6/1/19
275,70093,1/1/20
276,97044,7/27/18
276,126021,1/1/19
276,133582,6/1/19
276,137589,1/1/20
277,184891,2/25/18
277,228665,6/1/18
277,246958,1/1/19
277,264245,6/1/19
277,272172,1/1/20
278,89164,1/31/17
278,106907,6/1/17
278,113321,1/1/18
278,124653,6/1/18
278,132132,1/1/19
278,138738,6/1/19
278,149837,1/1/20
279,95800,3/7/18
279,115106,6/1/18
279,120861,1/1/19
279,132947,6/1/19
279,146241,1/1/20
280,130786,8/8/18
280,173069,1/1/19
280,174799,6/1/19
280,187034,1/1/20
281,92275,5/3/18
281,112088,6/1/18
281,117692,1/1/19
281,121222,6/1/19
281,127283,1/1/20
282,152285,6/26/17
282,169527,1/1/18
282,183089,6/1/18
282,201397,1/1/19
282,203410,6/1/19
282,213580,1/1/20
283,93312,12/7/18
283,131947,1/1/19
283,133266,6/1/19
283,139929,1/1/20
284,56160,1/20/19
284,69586,6/1/19
284,72369,1/1/20
285,73612,8/28/17
285,89294,1/1/18
285,94651,6/1/18
285,103169,1/1/19
285,107295,6/1/19
285,112659,1/1/20
286,63360,7/24/17
286,71243,1/1/18
286,76230,6/1/18
286,83853,1/1/19
286,88045,6/1/19
286,94208,1/1/20
287,111974,9/24/18
287,164368,1/1/19
287,169299,6/1/19
287,179456,1/1/20
288,176291,1/6/20
289,45000,4/3/19
289,63070,6/1/19
289,68746,1/1/20
290,51120,12/24/17
290,62038,1/1/18
290,65760,6/1/18
290,68390,1/1/19
290,72493,6/1/19
290,73942,1/1/20
291,120932,4/22/19
291,189755,6/1/19
291,208730,1/1/20
292,71712,5/6/17
292,73877,6/1/17
292,76832,1/1/18
292,78368,6/1/18
292,85421,1/1/19
292,87983,6/1/19
292,89742,1/1/20
293,180592,12/12/19
293,251203,1/1/20
294,60479,12/18/17
294,73963,1/1/18
294,76921,6/1/18
294,84613,1/1/19
294,88843,6/1/19
294,94173,1/1/20
295,72576,2/16/18
295,83999,6/1/18
295,89878,1/1/19
295,94371,6/1/19
295,97202,1/1/20
296,76032,4/18/18
296,101461,6/1/18
296,106534,1/1/19
296,108664,6/1/19
296,119530,1/1/20
297,58320,1/1/17
297,63073,6/1/17
297,69380,1/1/18
297,70767,6/1/18
297,77136,1/1/19
297,81764,6/1/19
297,88305,1/1/20
298,93312,9/6/19
298,133735,1/1/20
299,63360,6/20/17
299,71876,1/1/18
299,78344,6/1/18
299,79910,1/1/19
299,80709,6/1/19
299,88779,1/1/20
300,171992,1/23/17
300,206218,6/1/17
300,226839,1/1/18
300,235912,6/1/18
300,252425,1/1/19
300,277667,6/1/19
300,302657,1/1/20
301,64080,1/14/19
301,94282,6/1/19
301,101824,1/1/20
302,82944,7/8/17
302,97678,1/1/18
302,98654,6/1/18
302,100627,1/1/19
302,102639,6/1/19
302,111876,1/1/20
303,106997,6/29/18
303,133651,1/1/19
303,137660,6/1/19
303,141789,1/1/20
304,89579,12/27/18
304,105802,1/1/19
304,106860,6/1/19
304,108997,1/1/20
305,75686,1/19/19
305,106116,6/1/19
305,114605,1/1/20
306,152285,9/13/19
306,217989,1/1/20
307,130786,2/1/18
307,166356,6/1/18
307,178000,1/1/19
307,183340,6/1/19
307,190673,1/1/20
308,154792,1/9/18
308,186053,6/1/18
308,202797,1/1/19
308,223076,6/1/19
308,227537,1/1/20
309,77760,8/5/17
309,87411,1/1/18
309,92655,6/1/18
309,93581,1/1/19
309,98260,6/1/19
309,108086,1/1/20
310,187041,7/11/18
310,235838,1/1/19
310,249988,6/1/19
310,264987,1/1/20
311,54000,8/6/17
311,63673,1/1/18
311,66856,6/1/18
311,72204,1/1/19
311,78702,6/1/19
311,81063,1/1/20
312,111974,3/2/18
312,139764,6/1/18
312,152342,1/1/19
312,159959,6/1/19
312,164757,1/1/20
313,97044,9/11/17
313,118681,1/1/18
313,124615,6/1/18
313,135830,1/1/19
313,145338,6/1/19
313,146791,1/1/20
314,42000,7/17/17
314,46785,1/1/18
314,50995,6/1/18
314,56094,1/1/19
314,61142,6/1/19
314,66644,1/1/20
315,43800,4/30/18
315,56242,6/1/18
315,60741,1/1/19
315,61955,6/1/19
315,66291,1/1/20
316,61200,11/27/18
316,69568,1/1/19
316,73742,6/1/19
316,78903,1/1/20
317,42500,4/20/19
317,60210,6/1/19
317,61414,1/1/20
318,171992,12/15/17
318,208542,1/1/18
318,216883,6/1/18
318,236402,1/1/19
318,260042,6/1/19
318,262642,1/1/20
319,232190,9/24/19
319,334843,1/1/20
320,76723,4/23/19
320,113928,6/1/19
320,119624,1/1/20
321,44400,10/7/19
321,64152,1/1/20
322,54720,8/12/18
322,69013,1/1/19
322,74534,6/1/19
322,75279,1/1/20
323,39000,3/4/20
324,43500,12/8/17
324,49840,1/1/18
324,51833,6/1/18
324,53387,1/1/19
324,57124,6/1/19
324,58266,1/1/20
325,131383,5/18/18
325,153528,6/1/18
325,158133,1/1/19
325,167620,6/1/19
325,177677,1/1/20
326,79833,12/20/19
326,126702,1/1/20
327,104509,11/5/17
327,114187,1/1/18
327,118754,6/1/18
327,119941,1/1/19
327,129536,6/1/19
327,132126,1/1/20
328,116453,2/22/17
328,125908,6/1/17
328,130944,1/1/18
328,144038,6/1/18
328,158441,1/1/19
328,172700,6/1/19
328,188243,1/1/20
329,46200,10/31/19
329,70681,1/1/20
330,46200,3/15/19
330,63656,6/1/19
330,68111,1/1/20
331,92067,10/14/19
331,138000,1/1/20
332,131383,8/12/18
332,162636,1/1/19
332,170767,6/1/19
332,181013,1/1/20
333,59040,5/3/18
333,71654,6/1/18
333,76669,1/1/19
333,77435,6/1/19
333,82855,1/1/20
334,81907,8/25/17
334,100329,1/1/18
334,110361,6/1/18
334,112568,1/1/19
334,117070,6/1/19
334,128777,1/1/20
335,39000,5/25/18
335,51116,6/1/18
335,53160,1/1/19
335,55286,6/1/19
335,56944,1/1/20
336,53280,7/16/19
336,69890,1/1/20
337,127202,8/20/18
337,157604,1/1/19
337,168636,6/1/19
337,170322,1/1/20
338,216710,11/8/17
338,255623,1/1/18
338,270960,6/1/18
338,281798,1/1/19
338,293069,6/1/19
338,316514,1/1/20
339,56160,9/16/18
339,75077,1/1/19
339,75827,6/1/19
339,81893,1/1/20
340,77760,9/21/17
340,91731,1/1/18
340,100904,6/1/18
340,108976,1/1/19
340,115514,6/1/19
340,122444,1/1/20
341,103265,12/1/18
341,124369,1/1/19
341,134318,6/1/19
341,137004,1/1/20
342,171992,2/8/19
342,230314,6/1/19
342,239526,1/1/20
343,211550,1/13/18
343,264461,6/1/18
343,272394,1/1/19
343,277841,6/1/19
343,297289,1/1/20
344,45000,1/1/18
344,52555,6/1/18
344,54131,1/1/19
344,54672,6/1/19
344,56858,1/1/20
345,161243,8/3/17
345,172755,1/1/18
345,179665,6/1/18
345,185054,1/1/19
345,192456,6/1/19
345,204003,1/1/20
346,145118,4/23/18
346,197379,6/1/18
346,203300,1/1/19
346,215498,6/1/19
346,228427,1/1/20
347,119439,7/11/18
347,176948,1/1/19
347,187564,6/1/19
347,193190,1/1/20
348,185752,11/27/18
348,234641,1/1/19
348,255758,6/1/19
348,273661,1/1/20
349,64800,3/7/17
349,74869,6/1/17
349,79361,1/1/18
349,87297,6/1/18
349,92534,1/1/19
349,94384,6/1/19
349,100990,1/1/20
350,44400,5/28/17
350,47983,6/1/17
350,48462,1/1/18
350,49431,6/1/18
350,53879,1/1/19
350,58189,6/1/19
350,64007,1/1/20
351,136160,11/2/17
351,171343,1/1/18
351,183337,6/1/18
351,185170,1/1/19
351,187021,6/1/19
351,198242,1/1/20
352,73612,5/11/18
352,85995,6/1/18
352,87714,1/1/19
352,96485,6/1/19
352,102274,1/1/20
353,214130,7/14/18
353,257774,1/1/19
353,270662,6/1/19
353,286901,1/1/20
354,125411,2/25/19
354,170968,6/1/19
354,186355,1/1/20
355,72576,1/5/18
355,81645,6/1/18
355,85727,1/1/19
355,90870,6/1/19
355,95413,1/1/20
356,171992,4/1/19
356,272811,6/1/19
356,300092,1/1/20
357,63360,8/29/17
357,66578,1/1/18
357,72570,6/1/18
357,75472,1/1/19
357,82264,6/1/19
357,85554,1/1/20
358,44500,9/16/18
358,55083,1/1/19
358,60040,6/1/19
358,61841,1/1/20
359,188331,1/15/20
360,184891,6/19/17
360,222090,1/1/18
360,239857,6/1/18
360,249451,1/1/19
360,259429,6/1/19
360,272400,1/1/20
361,108988,8/17/17
361,130960,1/1/18
361,144056,6/1/18
361,146937,1/1/19
361,161630,6/1/19
361,164862,1/1/20
362,51840,2/28/17
362,61590,6/1/17
362,65901,1/1/18
362,67219,6/1/18
362,73268,1/1/19
362,75466,6/1/19
362,78484,1/1/20
363,67392,1/4/17
363,70107,6/1/17
363,75014,1/1/18
363,78764,6/1/18
363,79551,1/1/19
363,83528,6/1/19
363,91880,1/1/20
364,227030,4/3/17
364,252683,6/1/17
364,255209,1/1/18
364,262865,6/1/18
364,270750,1/1/19
364,297825,6/1/19
364,324629,1/1/20
365,145118,9/21/17
365,163221,1/1/18
365,169749,6/1/18
365,173143,1/1/19
365,176605,6/1/19
365,181903,1/1/20
366,105753,4/18/19
366,142809,6/1/19
366,148521,1/1/20
367,38500,1/16/19
367,54997,6/1/19
367,60496,1/1/20
368,36000,9/4/18
368,47637,1/1/19
368,51924,6/1/19
368,55558,1/1/20
369,87091,6/12/19
369,113211,1/1/20
370,67392,2/25/17
370,72883,6/1/17
370,74340,1/1/18
370,76570,6/1/18
370,77335,1/1/19
370,79655,6/1/19
370,82044,1/1/20
371,83980,7/15/18
371,100996,1/1/19
371,106045,6/1/19
371,115589,1/1/20
372,87091,2/11/18
372,102768,6/1/18
372,109961,1/1/19
372,111060,6/1/19
372,115502,1/1/20
373,41000,12/19/17
373,48361,1/1/18
373,51262,6/1/18
373,51774,1/1/19
373,52809,6/1/19
373,53337,1/1/20
374,189191,5/12/18
374,227688,6/1/18
374,250456,1/1/19
374,255465,6/1/19
374,281011,1/1/20
375,73612,12/27/18
375,93808,1/1/19
375,103188,6/1/19
375,113506,1/1/20
376,67392,11/29/17
376,77207,1/1/18
376,84155,6/1/18
376,90045,1/1/19
376,90945,6/1/19
376,91854,1/1/20
377,61200,3/2/17
377,72044,6/1/17
377,74205,1/1/18
377,77915,6/1/18
377,79473,1/1/19
377,84241,6/1/19
377,91822,1/1/20
378,182741,4/25/18
378,255564,6/1/18
378,265786,1/1/19
378,276417,6/1/19
378,279181,1/1/20
379,59040,11/30/18
379,78936,1/1/19
379,80514,6/1/19
379,81319,1/1/20
380,93312,9/16/18
380,125788,1/1/19
380,135851,6/1/19
380,146719,1/1/20
381,134369,2/19/20
382,74649,8/20/17
382,79985,1/1/18
382,81584,6/1/18
382,83215,1/1/19
382,88207,6/1/19
382,97027,1/1/20
383,159451,3/30/19
383,210893,6/1/19
383,219328,1/1/20
384,67392,8/31/17
384,72917,1/1/18
384,77292,6/1/18
384,84248,1/1/19
384,90987,6/1/19
384,98265,1/1/20
385,51840,10/24/17
385,54996,1/1/18
385,59395,6/1/18
385,65334,1/1/19
385,68600,6/1/19
385,69972,1/1/20
386,42000,10/13/19
386,55146,1/1/20
387,130786,1/25/19
387,168374,6/1/19
387,180160,1/1/20
388,48000,9/30/19
388,70632,1/1/20
389,100776,2/8/17
389,110047,6/1/17
389,115549,1/1/18
389,121326,6/1/18
389,129818,1/1/19
389,142799,6/1/19
389,154222,1/1/20
390,128397,4/20/18
390,144349,6/1/18
390,154453,1/1/19
390,169898,6/1/19
390,181790,1/1/20
391,208971,4/20/19
391,274175,6/1/19
391,276916,1/1/20
392,154792,4/7/17
392,182189,6/1/17
392,200407,1/1/18
392,208423,6/1/18
392,216759,1/1/19
392,229764,6/1/19
392,234359,1/1/20
393,99532,1/26/17
393,116083,6/1/17
393,119565,1/1/18
393,121956,6/1/18
393,131712,1/1/19
393,139614,6/1/19
393,142406,1/1/20
394,232190,2/22/19
394,335131,6/1/19
394,345184,1/1/20
395,72576,4/15/18
395,86384,6/1/18
395,89839,1/1/19
395,97026,6/1/19
395,99936,1/1/20
396,82944,1/10/20
397,59760,11/21/17
397,69799,1/1/18
397,70496,6/1/18
397,73315,1/1/19
397,79913,6/1/19
397,87904,1/1/20
398,152285,1/29/18
398,188423,6/1/18
398,205381,1/1/19
398,215650,6/1/19
398,217806,1/1/20
399,198651,1/7/17
399,210748,6/1/17
399,227607,1/1/18
399,236711,6/1/18
399,241445,1/1/19
399,246273,6/1/19
399,251198,1/1/20
400,152642,10/9/19
400,222978,1/1/20
401,61920,2/16/18
401,85012,6/1/18
401,93513,1/1/19
401,95383,6/1/19
401,96336,1/1/20
402,221870,6/9/17
402,237711,1/1/18
402,261482,6/1/18
402,285015,1/1/19
402,313516,6/1/19
402,329191,1/1/20
403,106002,6/8/19
403,159242,1/1/20
404,76723,3/30/18
404,91371,6/1/18
404,100508,1/1/19
404,101513,6/1/19
404,111664,1/1/20
405,55440,8/24/17
405,68496,1/1/18
405,69180,6/1/18
405,74022,1/1/19
405,77723,6/1/19
405,83940,1/1/20
406,127202,7/2/17
406,148653,1/1/18
406,156085,6/1/18
406,162328,1/1/19
406,172067,6/1/19
406,187553,1/1/20
407,163392,2/20/18
407,196388,6/1/18
407,208171,1/1/19
407,218579,6/1/19
407,231693,1/1/20
408,134369,5/11/19
408,177806,6/1/19
408,195586,1/1/20
409,150493,2/24/19
409,211077,6/1/19
409,221630,1/1/20
410,129890,2/18/19
410,172154,6/1/19
410,180761,1/1/20
411,232190,7/21/18
411,273921,1/1/19
411,279399,6/1/19
411,301750,1/1/20
412,152285,8/31/17
412,168004,1/1/18
412,183124,6/1/18
412,184955,1/1/19
412,192353,6/1/19
412,200047,1/1/20
413,42600,2/23/18
413,53163,6/1/18
413,56352,1/1/19
413,58606,6/1/19
413,62122,1/1/20
414,167692,4/20/17
414,183018,6/1/17
414,197659,1/1/18
414,207541,6/1/18
414,209616,1/1/19
414,215904,6/1/19
414,231017,1/1/20
415,59760,3/19/18
415,75230,6/1/18
415,79743,1/1/19
415,81337,6/1/19
415,82963,1/1/20
416,104509,3/6/20
417,74649,3/22/18
417,90610,6/1/18
417,95140,1/1/19
417,104654,6/1/19
417,105700,1/1/20
418,60480,6/19/18
418,77110,1/1/19
418,83278,6/1/19
418,91605,1/1/20
419,75686,8/14/18
419,96470,1/1/19
419,100328,6/1/19
419,109357,1/1/20
420,63360,10/3/17
420,72587,1/1/18
420,74038,6/1/18
420,74778,1/1/19
420,77021,6/1/19
420,78561,1/1/20
421,134369,11/1/19
421,174971,1/1/20
422,77760,5/14/19
422,112273,6/1/19
422,116763,1/1/20
423,99532,3/16/18
423,124403,6/1/18
423,134355,1/1/19
423,142416,6/1/19
423,143840,1/1/20
424,95800,2/17/19
424,139574,6/1/19
424,143761,1/1/20
425,125411,5/27/18
425,155118,6/1/18
425,159771,1/1/19
425,164564,6/1/19
425,172792,1/1/20
426,211550,1/28/20
427,119439,3/28/18
427,151948,6/1/18
427,158025,1/1/19
427,165926,6/1/19
427,182518,1/1/20
428,58320,4/30/18
428,75643,6/1/18
428,80938,1/1/19
428,85794,6/1/19
428,92657,1/1/20
429,125411,1/26/19
429,189679,6/1/19
429,201059,1/1/20
430,182741,11/27/19
430,251328,1/1/20
431,103265,4/7/19
431,129111,6/1/19
431,134275,1/1/20
432,91238,7/18/17
432,102600,1/1/18
432,105678,6/1/18
432,108848,1/1/19
432,112113,6/1/19
432,121082,1/1/20
433,111974,9/30/19
433,143987,1/1/20
434,119439,10/20/17
434,142201,1/1/18
434,149311,6/1/18
434,162748,1/1/19
434,167630,6/1/19
434,182716,1/1/20
435,61344,5/2/18
435,83420,6/1/18
435,86756,1/1/19
435,88491,6/1/19
435,90260,1/1/20
436,126904,1/13/17
436,135914,6/1/17
436,148146,1/1/18
436,155553,6/1/18
436,160219,1/1/19
436,165025,6/1/19
436,178227,1/1/20
437,203811,4/26/19
437,272485,6/1/19
437,283384,1/1/20
438,35000,10/6/19
438,48687,1/1/20
439,54000,10/17/18
439,77078,1/1/19
439,81702,6/1/19
439,84153,1/1/20
440,48600,5/8/19
440,61389,6/1/19
440,66914,1/1/20
441,123918,1/28/18
441,143503,6/1/18
441,156418,1/1/19
441,159546,6/1/19
441,165927,1/1/20
442,193491,4/20/18
442,244058,6/1/18
442,263582,1/1/19
442,287304,6/1/19
442,304542,1/1/20
443,169842,11/25/18
443,189300,1/1/19
443,191193,6/1/19
443,195016,1/1/20
444,137952,7/16/19
444,193618,1/1/20
445,190911,4/11/19
445,247897,6/1/19
445,272686,1/1/20
446,60479,1/14/17
446,69852,6/1/17
446,70550,1/1/18
446,76194,6/1/18
446,83813,1/1/19
446,92194,6/1/19
446,96803,1/1/20
447,174141,1/4/18
447,201265,6/1/18
447,207302,1/1/19
447,213521,6/1/19
447,228467,1/1/20
448,38000,4/15/17
448,40682,6/1/17
448,42716,1/1/18
448,44851,6/1/18
448,46645,1/1/19
448,49910,6/1/19
448,54401,1/1/20
449,51840,12/1/19
449,73403,1/1/20
450,198651,9/18/17
450,238784,1/1/18
450,250723,6/1/18
450,253230,1/1/19
450,265891,6/1/19
450,287162,1/1/20
451,154076,3/1/17
451,181377,6/1/17
451,185004,1/1/18
451,196104,6/1/18
451,203948,1/1/19
451,205987,6/1/19
451,216286,1/1/20
452,92067,12/28/17
452,105524,1/1/18
452,113965,6/1/18
452,119663,1/1/19
452,122056,6/1/19
452,133041,1/1/20
453,154076,6/17/17
453,185205,1/1/18
453,192613,6/1/18
453,209948,1/1/19
453,230942,6/1/19
453,244798,1/1/20
454,46200,6/19/18
454,55579,1/1/19
454,61136,6/1/19
454,63581,1/1/20
455,169842,4/27/18
455,196633,6/1/18
455,212363,1/1/19
455,225104,6/1/19
455,240861,1/1/20
456,157659,1/23/19
456,218867,6/1/19
456,238565,1/1/20
457,70848,1/24/17
457,77365,6/1/17
457,83554,1/1/18
457,86060,6/1/18
457,92944,1/1/19
457,93873,6/1/19
457,102321,1/1/20
458,219290,5/29/18
458,295448,6/1/18
458,301356,1/1/19
458,325464,6/1/19
458,358010,1/1/20
459,52200,3/19/18
459,73676,6/1/18
459,81043,1/1/19
459,81853,6/1/19
459,87582,1/1/20
460,227030,2/23/20
461,72576,8/7/19
461,111045,1/1/20
462,109486,12/15/17
462,125286,1/1/18
462,130297,6/1/18
462,135508,1/1/19
462,138218,6/1/19
462,140982,1/1/20
463,45000,1/28/17
463,54450,6/1/17
463,56628,1/1/18
463,60591,6/1/18
463,63620,1/1/19
463,66801,6/1/19
463,72145,1/1/20
464,48600,5/29/19
464,60796,6/1/19
464,66267,1/1/20
465,93312,10/25/17
465,103914,1/1/18
465,109109,6/1/18
465,115655,1/1/19
465,117968,6/1/19
465,123866,1/1/20
466,46200,5/25/17
466,48537,6/1/17
466,53390,1/1/18
466,55525,6/1/18
466,60522,1/1/19
466,65968,6/1/19
466,71905,1/1/20
467,93312,6/4/18
467,135775,1/1/19
467,137132,6/1/19
467,139874,1/1/20
468,159092,8/5/17
468,178646,1/1/18
468,180432,6/1/18
468,196670,1/1/19
468,206503,6/1/19
468,225088,1/1/20
469,91238,11/1/17
469,105550,1/1/18
469,113994,6/1/18
469,124253,1/1/19
469,129223,6/1/19
469,138268,1/1/20
470,42000,2/24/20
471,75168,8/22/19
471,99546,1/1/20
472,36500,8/18/18
472,53600,1/1/19
472,54672,6/1/19
472,55218,1/1/20
473,35000,11/13/19
473,52519,1/1/20
474,63360,7/6/18
474,80026,1/1/19
474,86428,6/1/19
474,89885,1/1/20
475,150493,7/17/17
475,179125,1/1/18
475,197037,6/1/18
475,206888,1/1/19
475,223439,6/1/19
475,245782,1/1/20
476,87091,7/2/17
476,111740,1/1/18
476,113974,6/1/18
476,124231,1/1/19
476,135411,6/1/19
476,143535,1/1/20
477,63360,4/30/18
477,82918,6/1/18
477,84576,1/1/19
477,89650,6/1/19
477,95029,1/1/20
478,229610,3/23/18
478,281445,6/1/18
478,292702,1/1/19
478,298556,6/1/19
478,328411,1/1/20
479,94556,6/4/18
479,117219,1/1/19
479,128940,6/1/19
479,137965,1/1/20
480,193491,2/21/20
481,74649,9/13/17
481,89632,1/1/18
481,91424,6/1/18
481,100566,1/1/19
481,107605,6/1/19
481,109757,1/1/20
482,214130,6/23/18
482,299585,1/1/19
482,305576,6/1/19
482,326966,1/1/20
483,90201,9/8/18
483,117091,1/1/19
483,126458,6/1/19
483,136574,1/1/20
484,105753,2/2/18
484,129611,6/1/18
484,142572,1/1/19
484,153977,6/1/19
484,158596,1/1/20
485,134369,2/12/17
485,138426,6/1/17
485,148115,1/1/18
485,162926,6/1/18
485,164555,1/1/19
485,166200,6/1/19
485,171186,1/1/20
486,87091,2/24/17
486,93291,6/1/17
486,97955,1/1/18
486,101873,6/1/18
486,112060,1/1/19
486,122145,6/1/19
486,134359,1/1/20
487,58320,10/21/18
487,77937,1/1/19
487,81833,6/1/19
487,89197,1/1/20
488,42500,10/6/19
488,71416,1/1/20
489,216710,1/20/17
489,229820,6/1/17
489,232118,1/1/18
489,236760,6/1/18
489,248598,1/1/19
489,270971,6/1/19
489,292648,1/1/20
490,82944,10/3/17
490,94161,1/1/18
490,97927,6/1/18
490,99885,1/1/19
490,106876,6/1/19
490,110082,1/1/20
491,94556,7/23/19
491,122968,1/1/20
492,77760,6/28/19
492,121147,1/1/20
493,75168,12/22/19
493,121678,1/1/20
494,116453,1/25/19
494,151430,6/1/19
494,160515,1/1/20
495,116453,9/30/18
495,151087,1/1/19
495,163173,6/1/19
495,176226,1/1/20
496,214130,4/12/17
496,247405,6/1/17
496,249879,1/1/18
496,252377,6/1/18
496,267519,1/1/19
496,283570,6/1/19
496,297748,1/1/20
497,150493,7/5/17
497,175715,1/1/18
497,189772,6/1/18
497,191669,1/1/19
497,203169,6/1/19
497,213327,1/1/20
498,113467,6/25/19
498,168969,1/1/20
499,51840,8/10/19
499,88801,1/1/20
500,224450,9/27/17
500,282668,1/1/18
500,291148,6/1/18
500,299882,1/1/19
500,317874,6/1/19
500,343303,1/1/20